text_prompt,ip_image_path,ip_audio_path
"A man sits comfortably in a cozy armchair by the window, bathed in the warm glow of the afternoon sun, flipping pages of an intriguing novel. As he absorb the story, a gentle breeze ruffles him, prompting him to glance up with a radiant smile. his fingers absentmindedly play with the corner of the page, casting playful shadows on the book's cover, as the tranquil atmosphere invites a moment of peaceful reflection. He shares warmly, <S>Reading gives us someplace to go when we have to stay where we are.<E>",example_prompts/benchmark/frames/00011_frame.jpg,example_prompts/benchmark/audio/00011_audio.wav
"A man sits comfortably in a cozy armchair by the window, bathed in the warm glow of the afternoon sun, flipping pages of an intriguing novel. As he absorb the story, a gentle breeze ruffles him, prompting him to glance up with a radiant smile. his fingers absentmindedly play with the corner of the page, casting playful shadows on the book's cover, as the tranquil atmosphere invites a moment of peaceful reflection. He shares warmly, <S>Reading gives us someplace to go when we have to stay where we are.<E>",example_prompts/benchmark/frames/00011_frame.jpg,
"A man sits comfortably in a cozy armchair by the window, bathed in the warm glow of the afternoon sun, flipping pages of an intriguing novel. As he absorb the story, a gentle breeze ruffles him, prompting him to glance up with a radiant smile. his fingers absentmindedly play with the corner of the page, casting playful shadows on the book's cover, as the tranquil atmosphere invites a moment of peaceful reflection. He shares warmly, <S>Reading gives us someplace to go when we have to stay where we are.<E>",,
"A man dressed in a black suit with a white clerical collar stands in a dimly lit, rustic room with a wooden ceiling. He looks slightly upwards, gesturing with his right hand as he says, <S>The network rejects human command.<E>. His gaze then drops, briefly looking down and to the side, before he looks up again and then slightly to his left, with a serious expression. He continues speaking, <S>Your age of power is finished.<E>, as he starts to bend down, disappearing out of the bottom of the frame.",example_prompts/benchmark/frames/00046_frame.jpg,example_prompts/benchmark/audio/00046_audio.wav
"A man dressed in a black suit with a white clerical collar stands in a dimly lit, rustic room with a wooden ceiling. He looks slightly upwards, gesturing with his right hand as he says, <S>The network rejects human command.<E>. His gaze then drops, briefly looking down and to the side, before he looks up again and then slightly to his left, with a serious expression. He continues speaking, <S>Your age of power is finished.<E>, as he starts to bend down, disappearing out of the bottom of the frame.",example_prompts/benchmark/frames/00046_frame.jpg,
"A man dressed in a black suit with a white clerical collar stands in a dimly lit, rustic room with a wooden ceiling. He looks slightly upwards, gesturing with his right hand as he says, <S>The network rejects human command.<E>. His gaze then drops, briefly looking down and to the side, before he looks up again and then slightly to his left, with a serious expression. He continues speaking, <S>Your age of power is finished.<E>, as he starts to bend down, disappearing out of the bottom of the frame.",,
"A woman stands before the iconic Rockefeller Center Christmas Tree, its thousands of lights reflecting in her eyes as snow begins to fall gently around her. Wearing a tartan scarf and holding a cup of steaming cocoa, she brings her mittened hands together and speaks softly into the frosty air: <S>May the spirit of Christmas fill your heart throughout the coming year.<E>",example_prompts/benchmark/frames/00069_frame.png,example_prompts/benchmark/audio/00069_audio.wav
"A woman stands before the iconic Rockefeller Center Christmas Tree, its thousands of lights reflecting in her eyes as snow begins to fall gently around her. Wearing a tartan scarf and holding a cup of steaming cocoa, she brings her mittened hands together and speaks softly into the frosty air: <S>May the spirit of Christmas fill your heart throughout the coming year.<E>",example_prompts/benchmark/frames/00069_frame.png,
"A woman stands before the iconic Rockefeller Center Christmas Tree, its thousands of lights reflecting in her eyes as snow begins to fall gently around her. Wearing a tartan scarf and holding a cup of steaming cocoa, she brings her mittened hands together and speaks softly into the frosty air: <S>May the spirit of Christmas fill your heart throughout the coming year.<E>",,
